Case_Number,Offense_Code,Offense_Type,Arrest,Location,Officer_id,Officer_Name,Date
CH309646,3,Homicide,Yes,Chicago,783,Peter Palmieri,2004
CH341061,3,Homicide,No,Chicago,639,Joshua Compton,2002
CH637252,2,Vandalism,No,Chicago,646,John Ledue,2000
CH736382,1,Larceny,No,Chicago,639,Joshua Compton,2000
CH431024,2,Vandalism,Yes,Chicago,298,Barry Goetz,2004
CH148085,3,Homicide,No,Chicago,639,Joshua Compton,2003
CH897297,1,Larceny,Yes,Chicago,646,John Ledue,2004
CH612907,1,Larceny,No,Chicago,169,Georgia Jones,2003
CH991536,5,Assault,Yes,Chicago,298,Barry Goetz,2000
CH547834,3,Homicide,No,Chicago,169,Georgia Jones,2003
CH423607,3,Homicide,Yes,Chicago,646,John Ledue,2000
CH165938,2,Vandalism,Yes,Chicago,783,Peter Palmieri,2000
CH425073,2,Vandalism,No,Chicago,169,Georgia Jones,2004
CH440481,1,Larceny,No,Chicago,739,Donald Olsen,2001
CH349662,3,Homicide,No,Chicago,739,Donald Olsen,2003
CH755256,2,Vandalism,No,Chicago,443,Mildred Shuey,2004
CH664420,1,Larceny,Yes,Chicago,298,Barry Goetz,2000
CH479041,2,Vandalism,Yes,Chicago,646,John Ledue,2000
CH510793,3,Homicide,Yes,Chicago,646,John Ledue,2000
CH628641,1,Larceny,No,Chicago,443,Mildred Shuey,2004
CH435889,1,Larceny,No,Chicago,169,Georgia Jones,2002
CH962689,5,Assault,No,Chicago,783,Peter Palmieri,2001
CH521130,5,Assault,Yes,Chicago,739,Donald Olsen,2001
CH439539,3,Homicide,Yes,Chicago,639,Joshua Compton,2001
CH993253,1,Larceny,No,Chicago,515,Beverly Taylor,2002
CH151280,3,Homicide,No,Chicago,783,Peter Palmieri,2000
CH389634,4,Drug abuse,No,Chicago,515,Beverly Taylor,2001
CH708834,2,Vandalism,No,Chicago,515,Beverly Taylor,2002
CH507529,3,Homicide,Yes,Chicago,739,Donald Olsen,2003
CH621134,3,Homicide,No,Chicago,783,Peter Palmieri,2004
CH794497,3,Homicide,No,Chicago,443,Mildred Shuey,2003
CH201148,1,Larceny,Yes,Chicago,443,Mildred Shuey,2001
CH126727,4,Drug abuse,Yes,Chicago,515,Beverly Taylor,2000
CH151323,2,Vandalism,Yes,Chicago,646,John Ledue,2000
CH286262,3,Homicide,No,Chicago,639,Joshua Compton,2004
CH165233,4,Drug abuse,Yes,Chicago,169,Georgia Jones,2002
CH898144,4,Drug abuse,Yes,Chicago,783,Peter Palmieri,2004
CH624632,4,Drug abuse,No,Chicago,169,Georgia Jones,2003
CH299257,5,Assault,No,Chicago,443,Mildred Shuey,2002
CH189468,3,Homicide,No,Chicago,783,Peter Palmieri,2002
CH193744,3,Homicide,Yes,Chicago,515,Beverly Taylor,2004
CH229774,2,Vandalism,No,Chicago,639,Joshua Compton,2001
CH263185,3,Homicide,No,Chicago,169,Georgia Jones,2002
CH623739,3,Homicide,Yes,Chicago,639,Joshua Compton,2000
CH462063,3,Homicide,No,Chicago,515,Beverly Taylor,2004
CH755256,1,Larceny,No,Chicago,739,Donald Olsen,2003
CH176729,1,Larceny,No,Chicago,739,Donald Olsen,2003
CH872621,5,Assault,Yes,Chicago,443,Mildred Shuey,2002
CH285845,1,Larceny,Yes,Chicago,739,Donald Olsen,2004
CH688668,2,Vandalism,No,Chicago,783,Peter Palmieri,2002
CH196243,3,Homicide,No,Chicago,646,John Ledue,2004
CH838193,2,Vandalism,No,Chicago,783,Peter Palmieri,2001
CH801081,1,Larceny,No,Chicago,515,Beverly Taylor,2000
CH998304,1,Larceny,No,Chicago,515,Beverly Taylor,2002
CH709274,2,Vandalism,No,Chicago,443,Mildred Shuey,2001
CH819966,1,Larceny,No,Chicago,783,Peter Palmieri,2003
CH477355,3,Homicide,No,Chicago,515,Beverly Taylor,2002
CH296837,1,Larceny,Yes,Chicago,739,Donald Olsen,2001
CH493970,5,Assault,Yes,Chicago,298,Barry Goetz,2004
CH501659,3,Homicide,No,Chicago,646,John Ledue,2003
CH538952,4,Drug abuse,Yes,Chicago,169,Georgia Jones,2002
CH621419,3,Homicide,Yes,Chicago,515,Beverly Taylor,2003
CH112351,5,Assault,No,Chicago,739,Donald Olsen,2002
CH824375,1,Larceny,Yes,Chicago,639,Joshua Compton,2001
CH367257,3,Homicide,Yes,Chicago,298,Barry Goetz,2000
CH229774,3,Homicide,Yes,Chicago,443,Mildred Shuey,2003
CH106792,2,Vandalism,No,Chicago,298,Barry Goetz,2000
CH439753,5,Assault,Yes,Chicago,646,John Ledue,2004
CH479041,3,Homicide,No,Chicago,515,Beverly Taylor,2004
CH552292,4,Drug abuse,Yes,Chicago,646,John Ledue,2000
CH797302,2,Vandalism,Yes,Chicago,739,Donald Olsen,2003
CH870121,5,Assault,No,Chicago,169,Georgia Jones,2000
CH500677,3,Homicide,Yes,Chicago,639,Joshua Compton,2003
CH236067,3,Homicide,No,Chicago,169,Georgia Jones,2000
CH894532,3,Homicide,Yes,Chicago,646,John Ledue,2000
CH146782,2,Vandalism,No,Chicago,515,Beverly Taylor,2003
CH630948,3,Homicide,Yes,Chicago,515,Beverly Taylor,2002
CH537290,1,Larceny,No,Chicago,646,John Ledue,2002
CH754210,3,Homicide,Yes,Chicago,298,Barry Goetz,2004
CH623739,2,Vandalism,Yes,Chicago,169,Georgia Jones,2000
CH754708,3,Homicide,No,Chicago,443,Mildred Shuey,2002
CH869935,3,Homicide,No,Chicago,169,Georgia Jones,2000
CH893397,5,Assault,No,Chicago,298,Barry Goetz,2003
CH222647,5,Assault,Yes,Chicago,639,Joshua Compton,2001
CH102232,1,Larceny,No,Chicago,443,Mildred Shuey,2000
CH637164,4,Drug abuse,Yes,Chicago,443,Mildred Shuey,2001
CH321809,1,Larceny,Yes,Chicago,639,Joshua Compton,2002
CH621134,2,Vandalism,Yes,Chicago,515,Beverly Taylor,2000
CH784233,2,Vandalism,No,Chicago,639,Joshua Compton,2002
CH441936,3,Homicide,No,Chicago,739,Donald Olsen,2000
CH467696,2,Vandalism,Yes,Chicago,298,Barry Goetz,2002
CH358495,4,Drug abuse,No,Chicago,298,Barry Goetz,2000
CH596362,3,Homicide,Yes,Chicago,646,John Ledue,2002
CH878380,3,Homicide,Yes,Chicago,169,Georgia Jones,2003
CH792445,5,Assault,No,Chicago,298,Barry Goetz,2003
CH666381,3,Homicide,No,Chicago,646,John Ledue,2003
CH707495,2,Vandalism,No,Chicago,739,Donald Olsen,2002
CH780819,3,Homicide,Yes,Chicago,646,John Ledue,2002
CH391518,5,Assault,Yes,Chicago,739,Donald Olsen,2003
CH365396,5,Assault,Yes,Chicago,515,Beverly Taylor,2001
CH736632,5,Assault,Yes,Chicago,443,Mildred Shuey,2003
CH987536,4,Drug abuse,No,Chicago,739,Donald Olsen,2003
CH622432,3,Homicide,No,Chicago,646,John Ledue,2000
CH830838,3,Homicide,Yes,Chicago,646,John Ledue,2002
CH303588,5,Assault,Yes,Chicago,739,Donald Olsen,2000
CH660485,1,Larceny,No,Chicago,783,Peter Palmieri,2004
CH311093,1,Larceny,Yes,Chicago,739,Donald Olsen,2004
CH719423,1,Larceny,Yes,Chicago,298,Barry Goetz,2000
CH631835,3,Homicide,Yes,Chicago,298,Barry Goetz,2001
CH461378,5,Assault,Yes,Chicago,739,Donald Olsen,2004
CH670814,1,Larceny,Yes,Chicago,169,Georgia Jones,2000
CH606073,1,Larceny,Yes,Chicago,515,Beverly Taylor,2003
CH885652,1,Larceny,No,Chicago,639,Joshua Compton,2003
CH393638,3,Homicide,No,Chicago,298,Barry Goetz,2001
CH293810,1,Larceny,Yes,Chicago,443,Mildred Shuey,2000
CH305336,4,Drug abuse,No,Chicago,639,Joshua Compton,2002
CH556425,1,Larceny,Yes,Chicago,169,Georgia Jones,2004
CH849817,1,Larceny,No,Chicago,298,Barry Goetz,2000
CH486178,1,Larceny,Yes,Chicago,646,John Ledue,2003
CH470844,1,Larceny,No,Chicago,515,Beverly Taylor,2003
CH753160,5,Assault,Yes,Chicago,739,Donald Olsen,2002
CH501178,3,Homicide,Yes,Chicago,646,John Ledue,2000
CH907394,3,Homicide,No,Chicago,783,Peter Palmieri,2002
CH534870,2,Vandalism,Yes,Chicago,169,Georgia Jones,2003
CH459632,3,Homicide,No,Chicago,739,Donald Olsen,2001
CH340392,1,Larceny,Yes,Chicago,169,Georgia Jones,2004
CH517059,1,Larceny,Yes,Chicago,515,Beverly Taylor,2000
CH611464,1,Larceny,No,Chicago,515,Beverly Taylor,2002
CH115901,1,Larceny,Yes,Chicago,169,Georgia Jones,2004
CH844034,2,Vandalism,No,Chicago,739,Donald Olsen,2004
CH320529,3,Homicide,Yes,Chicago,783,Peter Palmieri,2004
CH931267,3,Homicide,No,Chicago,515,Beverly Taylor,2002
CH943303,2,Vandalism,Yes,Chicago,298,Barry Goetz,2000
CH583690,3,Homicide,Yes,Chicago,515,Beverly Taylor,2000
CH893697,4,Drug abuse,Yes,Chicago,169,Georgia Jones,2004
CH977522,3,Homicide,Yes,Chicago,169,Georgia Jones,2002
CH784736,5,Assault,No,Chicago,298,Barry Goetz,2001
CH381146,3,Homicide,No,Chicago,515,Beverly Taylor,2004
CH560829,3,Homicide,Yes,Chicago,443,Mildred Shuey,2000
CH945776,3,Homicide,No,Chicago,783,Peter Palmieri,2002
CH898041,3,Homicide,Yes,Chicago,646,John Ledue,2001
CH449587,3,Homicide,Yes,Chicago,783,Peter Palmieri,2003
CH490876,1,Larceny,Yes,Chicago,515,Beverly Taylor,2003
CH316958,2,Vandalism,Yes,Chicago,169,Georgia Jones,2004
CH348616,3,Homicide,No,Chicago,739,Donald Olsen,2000
CH958574,3,Homicide,No,Chicago,298,Barry Goetz,2003
CH143484,5,Assault,Yes,Chicago,639,Joshua Compton,2001
CH609729,3,Homicide,Yes,Chicago,169,Georgia Jones,2004
CH482994,1,Larceny,Yes,Chicago,783,Peter Palmieri,2002
CH692486,2,Vandalism,No,Chicago,443,Mildred Shuey,2000
CH348616,4,Drug abuse,No,Chicago,515,Beverly Taylor,2001
CH273304,3,Homicide,Yes,Chicago,739,Donald Olsen,2002
CH909827,3,Homicide,No,Chicago,739,Donald Olsen,2001
CH214607,1,Larceny,No,Chicago,639,Joshua Compton,2003
CH895567,2,Vandalism,Yes,Chicago,639,Joshua Compton,2001
CH303588,1,Larceny,No,Chicago,443,Mildred Shuey,2002
CH946503,2,Vandalism,Yes,Chicago,739,Donald Olsen,2000
CH119601,1,Larceny,Yes,Chicago,515,Beverly Taylor,2003
CH737236,1,Larceny,Yes,Chicago,169,Georgia Jones,2003
CH123527,5,Assault,Yes,Chicago,646,John Ledue,2004
CH260232,1,Larceny,Yes,Chicago,298,Barry Goetz,2003
CH567413,3,Homicide,Yes,Chicago,443,Mildred Shuey,2000
CH271146,1,Larceny,No,Chicago,783,Peter Palmieri,2003
CH427101,1,Larceny,Yes,Chicago,169,Georgia Jones,2001
CH924665,3,Homicide,Yes,Chicago,739,Donald Olsen,2000
CH467666,1,Larceny,Yes,Chicago,739,Donald Olsen,2001
CH679558,1,Larceny,No,Chicago,298,Barry Goetz,2004
CH631485,1,Larceny,No,Chicago,515,Beverly Taylor,2004
CH270456,1,Larceny,Yes,Chicago,739,Donald Olsen,2003
CH965740,5,Assault,No,Chicago,515,Beverly Taylor,2004
CH559120,1,Larceny,Yes,Chicago,783,Peter Palmieri,2001
CH507630,1,Larceny,Yes,Chicago,646,John Ledue,2003
CH699152,3,Homicide,No,Chicago,515,Beverly Taylor,2002
CH317436,3,Homicide,Yes,Chicago,298,Barry Goetz,2001
CH297224,2,Vandalism,Yes,Chicago,169,Georgia Jones,2001
CH712029,5,Assault,Yes,Chicago,169,Georgia Jones,2003
CH403296,3,Homicide,Yes,Chicago,515,Beverly Taylor,2004
CH614849,5,Assault,Yes,Chicago,515,Beverly Taylor,2001
CH804017,5,Assault,No,Chicago,298,Barry Goetz,2003
CH783276,4,Drug abuse,No,Chicago,739,Donald Olsen,2001
CH532388,5,Assault,Yes,Chicago,169,Georgia Jones,2004
CH969030,3,Homicide,Yes,Chicago,515,Beverly Taylor,2000
CH393638,2,Vandalism,Yes,Chicago,298,Barry Goetz,2004
CH263839,2,Vandalism,Yes,Chicago,783,Peter Palmieri,2004
CH924665,5,Assault,No,Chicago,639,Joshua Compton,2001
CH655195,2,Vandalism,No,Chicago,169,Georgia Jones,2002
CH574545,3,Homicide,No,Chicago,783,Peter Palmieri,2001
CH426566,2,Vandalism,No,Chicago,639,Joshua Compton,2002
CH246943,2,Vandalism,No,Chicago,443,Mildred Shuey,2003
CH405951,3,Homicide,Yes,Chicago,783,Peter Palmieri,2000
CH415906,2,Vandalism,Yes,Chicago,739,Donald Olsen,2002
CH280141,2,Vandalism,No,Chicago,739,Donald Olsen,2004
CH301883,4,Drug abuse,Yes,Chicago,515,Beverly Taylor,2001
CH383543,2,Vandalism,No,Chicago,515,Beverly Taylor,2004
CH993401,5,Assault,No,Chicago,298,Barry Goetz,2002
CH271774,3,Homicide,Yes,Chicago,443,Mildred Shuey,2003
CH588579,2,Vandalism,Yes,Chicago,639,Joshua Compton,2001
CH207980,1,Larceny,No,Chicago,298,Barry Goetz,2000
CH490876,3,Homicide,No,Chicago,783,Peter Palmieri,2004
CH378524,5,Assault,Yes,Chicago,169,Georgia Jones,2001
CH604941,3,Homicide,Yes,Chicago,515,Beverly Taylor,2001
CH449587,1,Larceny,No,Chicago,169,Georgia Jones,2004
CH100565,4,Drug abuse,No,Chicago,443,Mildred Shuey,2002
CH822537,2,Vandalism,No,Chicago,783,Peter Palmieri,2004
CH547834,5,Assault,No,Chicago,639,Joshua Compton,2000
CH115901,1,Larceny,No,Chicago,739,Donald Olsen,2001
CH110587,2,Vandalism,Yes,Chicago,515,Beverly Taylor,2002
CH428420,5,Assault,Yes,Chicago,783,Peter Palmieri,2002
CH852029,1,Larceny,Yes,Chicago,739,Donald Olsen,2003
CH839650,1,Larceny,No,Chicago,739,Donald Olsen,2004
CH688668,3,Homicide,Yes,Chicago,169,Georgia Jones,2004
CH771860,3,Homicide,Yes,Chicago,515,Beverly Taylor,2003
CH165071,5,Assault,No,Chicago,739,Donald Olsen,2004
CH447715,3,Homicide,No,Chicago,739,Donald Olsen,2003
CH399983,3,Homicide,No,Chicago,639,Joshua Compton,2004
CH358495,5,Assault,Yes,Chicago,739,Donald Olsen,2001
CH687535,1,Larceny,Yes,Chicago,646,John Ledue,2001
CH427959,2,Vandalism,No,Chicago,169,Georgia Jones,2002
CH524690,3,Homicide,Yes,Chicago,783,Peter Palmieri,2004
CH910188,1,Larceny,Yes,Chicago,783,Peter Palmieri,2003
CH247989,3,Homicide,No,Chicago,298,Barry Goetz,2002
CH197421,3,Homicide,No,Chicago,443,Mildred Shuey,2003
CH324826,3,Homicide,No,Chicago,783,Peter Palmieri,2004
CH134980,3,Homicide,Yes,Chicago,783,Peter Palmieri,2004
CH892080,5,Assault,No,Chicago,783,Peter Palmieri,2003
CH965558,2,Vandalism,Yes,Chicago,298,Barry Goetz,2003
CH411718,1,Larceny,Yes,Chicago,739,Donald Olsen,2004
CH563913,3,Homicide,No,Chicago,298,Barry Goetz,2001
CH280334,2,Vandalism,Yes,Chicago,639,Joshua Compton,2001
CH198227,1,Larceny,Yes,Chicago,169,Georgia Jones,2000
CH929730,3,Homicide,No,Chicago,169,Georgia Jones,2000
CH317494,3,Homicide,Yes,Chicago,739,Donald Olsen,2003
CH942826,3,Homicide,No,Chicago,783,Peter Palmieri,2002
CH396843,5,Assault,Yes,Chicago,646,John Ledue,2001
CH138253,5,Assault,Yes,Chicago,515,Beverly Taylor,2004
CH187153,2,Vandalism,Yes,Chicago,443,Mildred Shuey,2002
CH239242,3,Homicide,No,Chicago,298,Barry Goetz,2000
CH451547,1,Larceny,No,Chicago,646,John Ledue,2002
CH493970,3,Homicide,Yes,Chicago,783,Peter Palmieri,2001
CH898144,5,Assault,Yes,Chicago,739,Donald Olsen,2003
CH675791,2,Vandalism,No,Chicago,639,Joshua Compton,2003
CH401091,3,Homicide,No,Chicago,783,Peter Palmieri,2001
CH461470,3,Homicide,Yes,Chicago,739,Donald Olsen,2001
CH908696,5,Assault,No,Chicago,783,Peter Palmieri,2001
CH125962,1,Larceny,Yes,Chicago,639,Joshua Compton,2000
CH635192,2,Vandalism,Yes,Chicago,739,Donald Olsen,2002
CH894219,5,Assault,No,Chicago,639,Joshua Compton,2004
CH861325,2,Vandalism,Yes,Chicago,515,Beverly Taylor,2004
CH667982,3,Homicide,No,Chicago,443,Mildred Shuey,2000
CH993598,5,Assault,No,Chicago,515,Beverly Taylor,2001
CH139255,1,Larceny,No,Chicago,646,John Ledue,2004
CH945610,1,Larceny,No,Chicago,169,Georgia Jones,2004
CH743795,1,Larceny,Yes,Chicago,298,Barry Goetz,2000
CH759633,4,Drug abuse,No,Chicago,443,Mildred Shuey,2004
CH251886,3,Homicide,No,Chicago,739,Donald Olsen,2000
CH492514,2,Vandalism,No,Chicago,515,Beverly Taylor,2002
CH870317,1,Larceny,No,Chicago,443,Mildred Shuey,2000
CH690624,3,Homicide,No,Chicago,443,Mildred Shuey,2001
CH481433,3,Homicide,No,Chicago,515,Beverly Taylor,2004
CH693381,3,Homicide,No,Chicago,298,Barry Goetz,2000
CH955699,2,Vandalism,No,Chicago,169,Georgia Jones,2003
CH644488,5,Assault,No,Chicago,298,Barry Goetz,2004
CH330888,3,Homicide,Yes,Chicago,739,Donald Olsen,2000
CH881789,4,Drug abuse,Yes,Chicago,298,Barry Goetz,2000
CH324826,1,Larceny,Yes,Chicago,646,John Ledue,2001
CH255112,3,Homicide,Yes,Chicago,646,John Ledue,2003
CH916102,2,Vandalism,Yes,Chicago,169,Georgia Jones,2004
CH132885,3,Homicide,No,Chicago,515,Beverly Taylor,2000
CH834252,3,Homicide,Yes,Chicago,515,Beverly Taylor,2003
CH284472,3,Homicide,Yes,Chicago,443,Mildred Shuey,2003
CH675791,1,Larceny,Yes,Chicago,739,Donald Olsen,2004
CH271128,3,Homicide,Yes,Chicago,739,Donald Olsen,2003
CH993253,2,Vandalism,Yes,Chicago,298,Barry Goetz,2004
CH133392,3,Homicide,No,Chicago,646,John Ledue,2003
CH955699,1,Larceny,No,Chicago,169,Georgia Jones,2002
CH721101,3,Homicide,No,Chicago,443,Mildred Shuey,2004
CH874684,3,Homicide,No,Chicago,169,Georgia Jones,2002
CH909827,2,Vandalism,Yes,Chicago,443,Mildred Shuey,2002
CH112351,4,Drug abuse,No,Chicago,739,Donald Olsen,2003
CH540991,2,Vandalism,No,Chicago,515,Beverly Taylor,2000
CH965474,5,Assault,Yes,Chicago,443,Mildred Shuey,2002
CH321581,3,Homicide,Yes,Chicago,169,Georgia Jones,2001
CH870431,2,Vandalism,Yes,Chicago,639,Joshua Compton,2004
CH569256,3,Homicide,No,Chicago,639,Joshua Compton,2004
CH334297,3,Homicide,Yes,Chicago,169,Georgia Jones,2001
CH991536,4,Drug abuse,Yes,Chicago,443,Mildred Shuey,2004
CH396096,3,Homicide,Yes,Chicago,639,Joshua Compton,2004
CH993401,3,Homicide,No,Chicago,443,Mildred Shuey,2003
CH405641,4,Drug abuse,Yes,Chicago,646,John Ledue,2000
CH321581,2,Vandalism,No,Chicago,783,Peter Palmieri,2003
CH562376,3,Homicide,No,Chicago,739,Donald Olsen,2001
CH753160,3,Homicide,No,Chicago,783,Peter Palmieri,2002
CH653971,3,Homicide,Yes,Chicago,443,Mildred Shuey,2003
CH498764,3,Homicide,No,Chicago,515,Beverly Taylor,2000
CH258145,3,Homicide,No,Chicago,515,Beverly Taylor,2002
CH514215,5,Assault,Yes,Chicago,515,Beverly Taylor,2003
CH590846,4,Drug abuse,Yes,Chicago,639,Joshua Compton,2002
CH943303,3,Homicide,No,Chicago,783,Peter Palmieri,2000
CH608242,1,Larceny,No,Chicago,515,Beverly Taylor,2002
CH643709,3,Homicide,No,Chicago,169,Georgia Jones,2004
CH471970,2,Vandalism,No,Chicago,169,Georgia Jones,2003
CH755010,2,Vandalism,No,Chicago,739,Donald Olsen,2000
CH228888,3,Homicide,No,Chicago,646,John Ledue,2002
CH264096,2,Vandalism,No,Chicago,783,Peter Palmieri,2004
CH441936,5,Assault,Yes,Chicago,646,John Ledue,2000
CH396404,4,Drug abuse,No,Chicago,739,Donald Olsen,2004
CH403296,2,Vandalism,Yes,Chicago,783,Peter Palmieri,2003
CH649028,2,Vandalism,Yes,Chicago,646,John Ledue,2001
CH870317,3,Homicide,Yes,Chicago,515,Beverly Taylor,2002
CH412853,3,Homicide,No,Chicago,515,Beverly Taylor,2000
CH425073,1,Larceny,Yes,Chicago,515,Beverly Taylor,2001
CH130478,3,Homicide,Yes,Chicago,783,Peter Palmieri,2004
CH335745,2,Vandalism,Yes,Chicago,443,Mildred Shuey,2002
CH629476,3,Homicide,Yes,Chicago,646,John Ledue,2003
CH452643,1,Larceny,Yes,Chicago,443,Mildred Shuey,2003
CH800510,3,Homicide,Yes,Chicago,646,John Ledue,2003
CH341767,4,Drug abuse,No,Chicago,739,Donald Olsen,2003
CH796471,3,Homicide,Yes,Chicago,515,Beverly Taylor,2003
CH132721,1,Larceny,Yes,Chicago,515,Beverly Taylor,2003
CH215793,5,Assault,No,Chicago,169,Georgia Jones,2003
CH898144,1,Larceny,Yes,Chicago,515,Beverly Taylor,2000
CH516846,2,Vandalism,No,Chicago,739,Donald Olsen,2003
CH906800,3,Homicide,No,Chicago,783,Peter Palmieri,2002
CH351374,3,Homicide,Yes,Chicago,443,Mildred Shuey,2000
CH649727,3,Homicide,No,Chicago,639,Joshua Compton,2000
CH623739,5,Assault,No,Chicago,169,Georgia Jones,2002
CH566454,3,Homicide,Yes,Chicago,515,Beverly Taylor,2001
CH204580,1,Larceny,No,Chicago,739,Donald Olsen,2001
CH481433,2,Vandalism,Yes,Chicago,169,Georgia Jones,2003
CH772464,2,Vandalism,Yes,Chicago,639,Joshua Compton,2002
CH744415,1,Larceny,Yes,Chicago,169,Georgia Jones,2001
CH637908,3,Homicide,Yes,Chicago,783,Peter Palmieri,2001
CH588649,2,Vandalism,Yes,Chicago,298,Barry Goetz,2002
CH629476,2,Vandalism,Yes,Chicago,515,Beverly Taylor,2000
CH699152,1,Larceny,Yes,Chicago,443,Mildred Shuey,2004
CH734061,3,Homicide,Yes,Chicago,169,Georgia Jones,2003
CH131655,1,Larceny,No,Chicago,515,Beverly Taylor,2004
CH596436,5,Assault,Yes,Chicago,783,Peter Palmieri,2001
CH922111,2,Vandalism,No,Chicago,646,John Ledue,2001
CH320529,2,Vandalism,Yes,Chicago,739,Donald Olsen,2002
CH469575,3,Homicide,Yes,Chicago,639,Joshua Compton,2004
CH802492,2,Vandalism,Yes,Chicago,298,Barry Goetz,2002
CH547708,3,Homicide,Yes,Chicago,639,Joshua Compton,2000
CH294520,3,Homicide,Yes,Chicago,783,Peter Palmieri,2000
CH161091,3,Homicide,No,Chicago,739,Donald Olsen,2003
CH507529,3,Homicide,Yes,Chicago,443,Mildred Shuey,2003
CH137176,3,Homicide,No,Chicago,783,Peter Palmieri,2003
CH907735,5,Assault,Yes,Chicago,515,Beverly Taylor,2003
CH773656,3,Homicide,Yes,Chicago,783,Peter Palmieri,2001
CH444869,1,Larceny,Yes,Chicago,639,Joshua Compton,2003
CH383453,1,Larceny,Yes,Chicago,443,Mildred Shuey,2000
CH647682,3,Homicide,Yes,Chicago,443,Mildred Shuey,2000
CH172316,5,Assault,Yes,Chicago,739,Donald Olsen,2004
CH972307,3,Homicide,Yes,Chicago,739,Donald Olsen,2003
CH226427,3,Homicide,Yes,Chicago,515,Beverly Taylor,2002
CH670814,1,Larceny,Yes,Chicago,783,Peter Palmieri,2003
CH783276,4,Drug abuse,Yes,Chicago,639,Joshua Compton,2003
CH797302,2,Vandalism,Yes,Chicago,646,John Ledue,2004
CH754683,1,Larceny,Yes,Chicago,783,Peter Palmieri,2003
CH314124,3,Homicide,No,Chicago,783,Peter Palmieri,2001
CH152905,2,Vandalism,Yes,Chicago,443,Mildred Shuey,2002
CH929498,3,Homicide,Yes,Chicago,443,Mildred Shuey,2002
CH800355,5,Assault,Yes,Chicago,739,Donald Olsen,2001
CH653662,3,Homicide,No,Chicago,639,Joshua Compton,2004
CH906800,3,Homicide,No,Chicago,169,Georgia Jones,2003
CH624173,1,Larceny,Yes,Chicago,783,Peter Palmieri,2004
CH623739,5,Assault,Yes,Chicago,169,Georgia Jones,2004
CH530945,1,Larceny,No,Chicago,298,Barry Goetz,2000
CH792445,4,Drug abuse,No,Chicago,646,John Ledue,2004
CH209097,5,Assault,No,Chicago,783,Peter Palmieri,2003
CH712029,3,Homicide,No,Chicago,515,Beverly Taylor,2000
CH405641,2,Vandalism,No,Chicago,443,Mildred Shuey,2001
CH455982,2,Vandalism,No,Chicago,639,Joshua Compton,2001
CH627410,4,Drug abuse,No,Chicago,298,Barry Goetz,2000
CH627410,4,Drug abuse,No,Chicago,443,Mildred Shuey,2001
CH780617,3,Homicide,Yes,Chicago,443,Mildred Shuey,2003
CH324826,3,Homicide,No,Chicago,783,Peter Palmieri,2003
CH552292,5,Assault,No,Chicago,169,Georgia Jones,2004
CH203433,2,Vandalism,No,Chicago,739,Donald Olsen,2002
CH459632,1,Larceny,No,Chicago,169,Georgia Jones,2003
CH798393,2,Vandalism,No,Chicago,443,Mildred Shuey,2002
CH173629,1,Larceny,Yes,Chicago,639,Joshua Compton,2001
CH577726,3,Homicide,Yes,Chicago,298,Barry Goetz,2004
CH978554,1,Larceny,No,Chicago,646,John Ledue,2002
CH450513,3,Homicide,No,Chicago,639,Joshua Compton,2004
CH110918,5,Assault,No,Chicago,646,John Ledue,2003
CH469432,2,Vandalism,Yes,Chicago,639,Joshua Compton,2000
CH968313,2,Vandalism,No,Chicago,639,Joshua Compton,2003
CH152905,3,Homicide,Yes,Chicago,646,John Ledue,2004
CH596362,3,Homicide,Yes,Chicago,443,Mildred Shuey,2003
CH420153,3,Homicide,No,Chicago,169,Georgia Jones,2001
CH132721,1,Larceny,No,Chicago,298,Barry Goetz,2002
CH541812,1,Larceny,Yes,Chicago,739,Donald Olsen,2001
CH428420,3,Homicide,Yes,Chicago,783,Peter Palmieri,2003
CH273304,2,Vandalism,No,Chicago,646,John Ledue,2003
CH872838,2,Vandalism,Yes,Chicago,298,Barry Goetz,2001
CH271146,5,Assault,No,Chicago,515,Beverly Taylor,2004
CH283817,5,Assault,Yes,Chicago,443,Mildred Shuey,2004
CH886010,3,Homicide,No,Chicago,739,Donald Olsen,2000
CH872838,4,Drug abuse,No,Chicago,639,Joshua Compton,2003
CH246943,3,Homicide,No,Chicago,443,Mildred Shuey,2002
CH609317,1,Larceny,Yes,Chicago,783,Peter Palmieri,2000
CH644132,2,Vandalism,Yes,Chicago,298,Barry Goetz,2001
CH207009,2,Vandalism,No,Chicago,639,Joshua Compton,2000
CH825581,3,Homicide,No,Chicago,639,Joshua Compton,2002
CH667982,5,Assault,No,Chicago,443,Mildred Shuey,2004
CH181555,3,Homicide,No,Chicago,443,Mildred Shuey,2003
CH516846,3,Homicide,Yes,Chicago,169,Georgia Jones,2002
CH552292,5,Assault,Yes,Chicago,515,Beverly Taylor,2001
CH277120,2,Vandalism,No,Chicago,646,John Ledue,2002
CH401379,3,Homicide,No,Chicago,515,Beverly Taylor,2003
CH874684,3,Homicide,No,Chicago,783,Peter Palmieri,2004
CH979725,3,Homicide,Yes,Chicago,298,Barry Goetz,2004
CH527894,3,Homicide,Yes,Chicago,783,Peter Palmieri,2003
CH860741,2,Vandalism,Yes,Chicago,515,Beverly Taylor,2000
CH102232,1,Larceny,Yes,Chicago,298,Barry Goetz,2002
CH744415,2,Vandalism,No,Chicago,739,Donald Olsen,2002
CH624632,5,Assault,No,Chicago,298,Barry Goetz,2000
CH924187,2,Vandalism,Yes,Chicago,739,Donald Olsen,2000
CH764560,4,Drug abuse,No,Chicago,639,Joshua Compton,2004
CH271146,2,Vandalism,No,Chicago,515,Beverly Taylor,2003
CH494423,3,Homicide,No,Chicago,298,Barry Goetz,2001
CH758300,3,Homicide,Yes,Chicago,515,Beverly Taylor,2004
CH639475,1,Larceny,No,Chicago,639,Joshua Compton,2000
CH510793,3,Homicide,No,Chicago,515,Beverly Taylor,2001
CH555845,1,Larceny,Yes,Chicago,646,John Ledue,2003
CH945776,3,Homicide,Yes,Chicago,443,Mildred Shuey,2000
CH772464,5,Assault,No,Chicago,783,Peter Palmieri,2003
CH458179,5,Assault,No,Chicago,443,Mildred Shuey,2001
CH408993,1,Larceny,Yes,Chicago,169,Georgia Jones,2003
CH130478,2,Vandalism,Yes,Chicago,298,Barry Goetz,2002
CH249316,3,Homicide,Yes,Chicago,639,Joshua Compton,2003
CH991536,2,Vandalism,No,Chicago,515,Beverly Taylor,2001
CH667266,5,Assault,Yes,Chicago,783,Peter Palmieri,2000
CH124970,2,Vandalism,No,Chicago,646,John Ledue,2002
CH798472,1,Larceny,Yes,Chicago,646,John Ledue,2002
CH193386,2,Vandalism,Yes,Chicago,783,Peter Palmieri,2004
CH474197,3,Homicide,No,Chicago,646,John Ledue,2000
CH435889,5,Assault,No,Chicago,443,Mildred Shuey,2004
CH137878,3,Homicide,No,Chicago,783,Peter Palmieri,2000
CH732857,2,Vandalism,No,Chicago,298,Barry Goetz,2004
CH513942,3,Homicide,No,Chicago,639,Joshua Compton,2003
CH135533,3,Homicide,Yes,Chicago,443,Mildred Shuey,2002
CH776008,2,Vandalism,Yes,Chicago,646,John Ledue,2003
CH396096,4,Drug abuse,No,Chicago,515,Beverly Taylor,2003
CH187772,1,Larceny,Yes,Chicago,646,John Ledue,2003
CH475862,3,Homicide,Yes,Chicago,169,Georgia Jones,2003
CH523403,3,Homicide,Yes,Chicago,739,Donald Olsen,2000
CH721101,2,Vandalism,No,Chicago,443,Mildred Shuey,2002
CH800510,3,Homicide,Yes,Chicago,639,Joshua Compton,2004
CH486807,1,Larceny,Yes,Chicago,639,Joshua Compton,2004
CH101533,1,Larceny,No,Chicago,515,Beverly Taylor,2002
CH441335,5,Assault,Yes,Chicago,783,Peter Palmieri,2004
CH862635,1,Larceny,Yes,Chicago,639,Joshua Compton,2002
CH969030,5,Assault,No,Chicago,646,John Ledue,2002
CH151280,2,Vandalism,No,Chicago,639,Joshua Compton,2003
CH174979,3,Homicide,Yes,Chicago,739,Donald Olsen,2000
CH763742,3,Homicide,Yes,Chicago,739,Donald Olsen,2001
CH428420,3,Homicide,Yes,Chicago,646,John Ledue,2004
CH910856,2,Vandalism,No,Chicago,639,Joshua Compton,2003
CH860741,4,Drug abuse,No,Chicago,515,Beverly Taylor,2003
CH680483,3,Homicide,No,Chicago,646,John Ledue,2001
CH507529,5,Assault,Yes,Chicago,739,Donald Olsen,2003
CH976828,4,Drug abuse,Yes,Chicago,443,Mildred Shuey,2002
CH481384,1,Larceny,Yes,Chicago,739,Donald Olsen,2004
CH712029,3,Homicide,Yes,Chicago,169,Georgia Jones,2000
CH931267,1,Larceny,No,Chicago,169,Georgia Jones,2003
CH568632,2,Vandalism,Yes,Chicago,739,Donald Olsen,2000
CH493942,3,Homicide,No,Chicago,783,Peter Palmieri,2000
CH340999,3,Homicide,No,Chicago,739,Donald Olsen,2004
CH707495,3,Homicide,Yes,Chicago,639,Joshua Compton,2001
CH373522,3,Homicide,Yes,Chicago,515,Beverly Taylor,2000
CH469432,1,Larceny,Yes,Chicago,515,Beverly Taylor,2003
CH427959,4,Drug abuse,No,Chicago,646,John Ledue,2001
CH189468,3,Homicide,No,Chicago,443,Mildred Shuey,2000
CH630179,3,Homicide,Yes,Chicago,515,Beverly Taylor,2004
CH466349,5,Assault,No,Chicago,169,Georgia Jones,2000
CH633214,3,Homicide,Yes,Chicago,639,Joshua Compton,2002
CH318852,3,Homicide,No,Chicago,646,John Ledue,2003
CH684492,1,Larceny,No,Chicago,443,Mildred Shuey,2000
CH225805,1,Larceny,No,Chicago,515,Beverly Taylor,2003
CH281463,3,Homicide,Yes,Chicago,443,Mildred Shuey,2004
CH161427,3,Homicide,No,Chicago,739,Donald Olsen,2001
CH955699,5,Assault,No,Chicago,169,Georgia Jones,2003
CH530776,3,Homicide,No,Chicago,169,Georgia Jones,2003
CH558088,3,Homicide,Yes,Chicago,739,Donald Olsen,2004
CH590846,4,Drug abuse,No,Chicago,515,Beverly Taylor,2003
CH137607,3,Homicide,No,Chicago,169,Georgia Jones,2001
CH354587,4,Drug abuse,Yes,Chicago,298,Barry Goetz,2001
CH109049,5,Assault,No,Chicago,298,Barry Goetz,2000
CH819966,1,Larceny,Yes,Chicago,646,John Ledue,2002
CH205148,3,Homicide,No,Chicago,515,Beverly Taylor,2004
CH189468,5,Assault,No,Chicago,639,Joshua Compton,2003
CH341061,2,Vandalism,No,Chicago,646,John Ledue,2002
CH294412,1,Larceny,Yes,Chicago,515,Beverly Taylor,2001
CH796856,3,Homicide,Yes,Chicago,739,Donald Olsen,2003
CH667982,2,Vandalism,Yes,Chicago,783,Peter Palmieri,2001
CH687535,1,Larceny,No,Chicago,169,Georgia Jones,2001
CH569621,3,Homicide,No,Chicago,515,Beverly Taylor,2004
CH467103,2,Vandalism,Yes,Chicago,739,Donald Olsen,2003
CH759633,3,Homicide,No,Chicago,783,Peter Palmieri,2003
CH942736,1,Larceny,No,Chicago,169,Georgia Jones,2004
CH904154,1,Larceny,Yes,Chicago,298,Barry Goetz,2001
CH721101,2,Vandalism,Yes,Chicago,169,Georgia Jones,2001
CH470844,2,Vandalism,Yes,Chicago,783,Peter Palmieri,2004
CH727137,2,Vandalism,Yes,Chicago,298,Barry Goetz,2000
CH816469,1,Larceny,No,Chicago,739,Donald Olsen,2002
CH486106,3,Homicide,Yes,Chicago,443,Mildred Shuey,2001
CH684617,5,Assault,No,Chicago,443,Mildred Shuey,2003
CH692486,5,Assault,Yes,Chicago,515,Beverly Taylor,2003
CH174374,2,Vandalism,No,Chicago,646,John Ledue,2003
CH612487,3,Homicide,No,Chicago,443,Mildred Shuey,2003
CH703440,2,Vandalism,Yes,Chicago,515,Beverly Taylor,2003
CH493942,2,Vandalism,Yes,Chicago,443,Mildred Shuey,2001
CH421188,3,Homicide,Yes,Chicago,298,Barry Goetz,2000
CH330888,3,Homicide,Yes,Chicago,646,John Ledue,2003
CH553299,4,Drug abuse,Yes,Chicago,169,Georgia Jones,2002
CH754683,5,Assault,Yes,Chicago,298,Barry Goetz,2000
CH341767,4,Drug abuse,No,Chicago,298,Barry Goetz,2001
CH332744,3,Homicide,No,Chicago,515,Beverly Taylor,2001
CH922111,1,Larceny,No,Chicago,783,Peter Palmieri,2004
CH434962,3,Homicide,No,Chicago,169,Georgia Jones,2003
CH728328,1,Larceny,Yes,Chicago,298,Barry Goetz,2004
CH811432,2,Vandalism,Yes,Chicago,739,Donald Olsen,2003
CH856680,3,Homicide,No,Chicago,298,Barry Goetz,2001
CH214019,3,Homicide,No,Chicago,443,Mildred Shuey,2001
CH786130,2,Vandalism,No,Chicago,515,Beverly Taylor,2000
CH405641,3,Homicide,No,Chicago,739,Donald Olsen,2002
CH559120,5,Assault,Yes,Chicago,646,John Ledue,2002
CH436208,1,Larceny,No,Chicago,515,Beverly Taylor,2002
CH569784,3,Homicide,Yes,Chicago,443,Mildred Shuey,2000
CH279879,5,Assault,No,Chicago,783,Peter Palmieri,2002
CH998304,5,Assault,No,Chicago,646,John Ledue,2000
CH993598,5,Assault,No,Chicago,739,Donald Olsen,2003
CH280334,5,Assault,Yes,Chicago,646,John Ledue,2004
CH869915,3,Homicide,Yes,Chicago,169,Georgia Jones,2000
CH299016,3,Homicide,Yes,Chicago,298,Barry Goetz,2002
CH901574,4,Drug abuse,Yes,Chicago,515,Beverly Taylor,2001
CH374786,3,Homicide,No,Chicago,443,Mildred Shuey,2000
CH837100,5,Assault,Yes,Chicago,298,Barry Goetz,2000
CH773656,3,Homicide,No,Chicago,515,Beverly Taylor,2002
CH744314,4,Drug abuse,Yes,Chicago,739,Donald Olsen,2000
CH744394,3,Homicide,No,Chicago,646,John Ledue,2001
CH401379,4,Drug abuse,No,Chicago,443,Mildred Shuey,2004
CH740359,1,Larceny,Yes,Chicago,515,Beverly Taylor,2004
CH985430,1,Larceny,Yes,Chicago,515,Beverly Taylor,2003
CH511228,4,Drug abuse,No,Chicago,169,Georgia Jones,2003
CH866710,1,Larceny,Yes,Chicago,515,Beverly Taylor,2004
CH458689,1,Larceny,No,Chicago,443,Mildred Shuey,2000
CH866710,3,Homicide,No,Chicago,739,Donald Olsen,2001
CH149985,3,Homicide,No,Chicago,739,Donald Olsen,2001
CH423607,3,Homicide,Yes,Chicago,298,Barry Goetz,2004
CH772768,1,Larceny,Yes,Chicago,169,Georgia Jones,2002
CH980761,2,Vandalism,No,Chicago,783,Peter Palmieri,2002
CH594709,2,Vandalism,No,Chicago,783,Peter Palmieri,2000
CH837100,1,Larceny,Yes,Chicago,169,Georgia Jones,2002
CH709274,3,Homicide,No,Chicago,298,Barry Goetz,2003
CH662888,5,Assault,Yes,Chicago,169,Georgia Jones,2002
CH796534,2,Vandalism,No,Chicago,443,Mildred Shuey,2001
CH644488,2,Vandalism,Yes,Chicago,639,Joshua Compton,2001
CH441335,2,Vandalism,Yes,Chicago,298,Barry Goetz,2003
CH837100,1,Larceny,Yes,Chicago,515,Beverly Taylor,2004
CH643709,2,Vandalism,No,Chicago,783,Peter Palmieri,2002
CH804017,4,Drug abuse,Yes,Chicago,515,Beverly Taylor,2001
CH352840,3,Homicide,No,Chicago,515,Beverly Taylor,2003
CH273304,3,Homicide,Yes,Chicago,646,John Ledue,2003
CH664420,3,Homicide,Yes,Chicago,515,Beverly Taylor,2000
CH270681,2,Vandalism,No,Chicago,443,Mildred Shuey,2004
CH417183,3,Homicide,Yes,Chicago,298,Barry Goetz,2000
CH458533,1,Larceny,Yes,Chicago,169,Georgia Jones,2002
CH444869,3,Homicide,No,Chicago,639,Joshua Compton,2004
CH309646,4,Drug abuse,Yes,Chicago,515,Beverly Taylor,2004
CH688668,3,Homicide,No,Chicago,646,John Ledue,2001
CH393638,1,Larceny,No,Chicago,739,Donald Olsen,2001
CH604930,3,Homicide,No,Chicago,639,Joshua Compton,2002
CH929498,4,Drug abuse,No,Chicago,646,John Ledue,2002
CH801081,1,Larceny,Yes,Chicago,639,Joshua Compton,2000
CH351374,5,Assault,Yes,Chicago,515,Beverly Taylor,2003
CH332744,2,Vandalism,No,Chicago,783,Peter Palmieri,2004
CH106792,2,Vandalism,Yes,Chicago,783,Peter Palmieri,2003
CH982881,3,Homicide,No,Chicago,739,Donald Olsen,2003
CH773936,3,Homicide,No,Chicago,443,Mildred Shuey,2000
CH637164,1,Larceny,No,Chicago,443,Mildred Shuey,2003
CH210174,5,Assault,Yes,Chicago,646,John Ledue,2003
CH734976,3,Homicide,Yes,Chicago,646,John Ledue,2002
CH970689,3,Homicide,Yes,Chicago,443,Mildred Shuey,2000
CH574545,2,Vandalism,Yes,Chicago,739,Donald Olsen,2000
CH943309,5,Assault,No,Chicago,739,Donald Olsen,2003
CH982881,1,Larceny,No,Chicago,169,Georgia Jones,2000
CH123527,1,Larceny,Yes,Chicago,646,John Ledue,2002
CH965558,2,Vandalism,No,Chicago,783,Peter Palmieri,2001
CH625315,2,Vandalism,No,Chicago,169,Georgia Jones,2003
CH884631,1,Larceny,Yes,Chicago,169,Georgia Jones,2001
CH688480,1,Larceny,Yes,Chicago,639,Joshua Compton,2000
CH643709,5,Assault,Yes,Chicago,169,Georgia Jones,2004
CH423886,5,Assault,No,Chicago,443,Mildred Shuey,2003
CH373349,3,Homicide,Yes,Chicago,739,Donald Olsen,2000
CH198227,3,Homicide,No,Chicago,443,Mildred Shuey,2003
CH743795,5,Assault,Yes,Chicago,739,Donald Olsen,2003
CH303588,3,Homicide,Yes,Chicago,298,Barry Goetz,2003
CH914851,5,Assault,Yes,Chicago,646,John Ledue,2003
CH351374,3,Homicide,Yes,Chicago,783,Peter Palmieri,2001
CH597104,3,Homicide,Yes,Chicago,298,Barry Goetz,2001
CH675791,3,Homicide,No,Chicago,515,Beverly Taylor,2003
CH496305,5,Assault,No,Chicago,783,Peter Palmieri,2002
CH494423,2,Vandalism,No,Chicago,298,Barry Goetz,2003
CH466742,4,Drug abuse,Yes,Chicago,169,Georgia Jones,2003
CH286262,3,Homicide,No,Chicago,783,Peter Palmieri,2002
CH799282,3,Homicide,Yes,Chicago,783,Peter Palmieri,2003
CH914851,3,Homicide,Yes,Chicago,646,John Ledue,2001
CH971417,5,Assault,No,Chicago,443,Mildred Shuey,2001
CH358495,2,Vandalism,No,Chicago,169,Georgia Jones,2000
CH684492,1,Larceny,No,Chicago,443,Mildred Shuey,2001
CH755256,5,Assault,No,Chicago,639,Joshua Compton,2000
CH341061,3,Homicide,No,Chicago,298,Barry Goetz,2002
CH611464,1,Larceny,No,Chicago,298,Barry Goetz,2002
CH567302,2,Vandalism,No,Chicago,783,Peter Palmieri,2000
CH238282,3,Homicide,Yes,Chicago,443,Mildred Shuey,2004
CH717967,2,Vandalism,Yes,Chicago,783,Peter Palmieri,2004
CH494029,3,Homicide,No,Chicago,639,Joshua Compton,2003
CH624173,3,Homicide,Yes,Chicago,443,Mildred Shuey,2003
CH458440,2,Vandalism,No,Chicago,783,Peter Palmieri,2001
CH560087,3,Homicide,No,Chicago,739,Donald Olsen,2004
CH771638,1,Larceny,Yes,Chicago,646,John Ledue,2001
CH629841,2,Vandalism,Yes,Chicago,298,Barry Goetz,2001
CH861325,2,Vandalism,Yes,Chicago,639,Joshua Compton,2001
CH676164,2,Vandalism,Yes,Chicago,443,Mildred Shuey,2000
CH582974,2,Vandalism,Yes,Chicago,298,Barry Goetz,2003
CH693381,3,Homicide,Yes,Chicago,443,Mildred Shuey,2000
CH154465,2,Vandalism,Yes,Chicago,515,Beverly Taylor,2000
CH988906,4,Drug abuse,No,Chicago,739,Donald Olsen,2001
CH203440,2,Vandalism,Yes,Chicago,515,Beverly Taylor,2002
CH552287,4,Drug abuse,Yes,Chicago,739,Donald Olsen,2004
CH903034,3,Homicide,Yes,Chicago,515,Beverly Taylor,2000
CH809862,5,Assault,Yes,Chicago,515,Beverly Taylor,2003
CH911561,4,Drug abuse,Yes,Chicago,783,Peter Palmieri,2002
CH110587,1,Larceny,Yes,Chicago,783,Peter Palmieri,2000
CH459170,2,Vandalism,No,Chicago,639,Joshua Compton,2004
CH609729,3,Homicide,Yes,Chicago,639,Joshua Compton,2000
CH481150,3,Homicide,No,Chicago,443,Mildred Shuey,2002
CH286262,5,Assault,No,Chicago,298,Barry Goetz,2003
CH427101,5,Assault,No,Chicago,515,Beverly Taylor,2002
CH450475,2,Vandalism,Yes,Chicago,298,Barry Goetz,2000
CH441335,3,Homicide,No,Chicago,639,Joshua Compton,2004
CH513942,4,Drug abuse,No,Chicago,639,Joshua Compton,2001
CH874267,5,Assault,No,Chicago,783,Peter Palmieri,2004
CH950457,3,Homicide,No,Chicago,639,Joshua Compton,2000
CH143348,1,Larceny,Yes,Chicago,298,Barry Goetz,2002
CH950457,2,Vandalism,No,Chicago,515,Beverly Taylor,2000
CH151280,2,Vandalism,Yes,Chicago,739,Donald Olsen,2000
CH998304,4,Drug abuse,No,Chicago,443,Mildred Shuey,2002
CH910856,3,Homicide,Yes,Chicago,646,John Ledue,2002
CH290333,1,Larceny,Yes,Chicago,169,Georgia Jones,2003
CH606073,1,Larceny,No,Chicago,639,Joshua Compton,2001
CH196679,3,Homicide,No,Chicago,298,Barry Goetz,2001
CH547708,5,Assault,Yes,Chicago,515,Beverly Taylor,2002
CH976828,5,Assault,No,Chicago,639,Joshua Compton,2001
CH296837,5,Assault,Yes,Chicago,169,Georgia Jones,2003
CH316958,4,Drug abuse,Yes,Chicago,443,Mildred Shuey,2000
CH329393,3,Homicide,No,Chicago,783,Peter Palmieri,2002
CH162154,3,Homicide,Yes,Chicago,639,Joshua Compton,2003
CH735291,3,Homicide,Yes,Chicago,443,Mildred Shuey,2002
CH218264,3,Homicide,No,Chicago,739,Donald Olsen,2004
CH875460,3,Homicide,No,Chicago,169,Georgia Jones,2002
CH159901,2,Vandalism,Yes,Chicago,739,Donald Olsen,2001
CH528787,3,Homicide,No,Chicago,515,Beverly Taylor,2004
CH982881,1,Larceny,Yes,Chicago,298,Barry Goetz,2002
CH501659,1,Larceny,Yes,Chicago,739,Donald Olsen,2003
CH780802,3,Homicide,No,Chicago,443,Mildred Shuey,2003
CH629476,3,Homicide,Yes,Chicago,783,Peter Palmieri,2001
CH251886,3,Homicide,Yes,Chicago,169,Georgia Jones,2000
CH285845,1,Larceny,No,Chicago,739,Donald Olsen,2002
CH796471,3,Homicide,No,Chicago,169,Georgia Jones,2001
CH318852,3,Homicide,No,Chicago,646,John Ledue,2004
CH534870,1,Larceny,Yes,Chicago,639,Joshua Compton,2002
CH301883,4,Drug abuse,Yes,Chicago,639,Joshua Compton,2004
CH692354,2,Vandalism,No,Chicago,646,John Ledue,2002
CH101533,1,Larceny,Yes,Chicago,515,Beverly Taylor,2002
CH492514,2,Vandalism,Yes,Chicago,443,Mildred Shuey,2003
CH802492,3,Homicide,No,Chicago,515,Beverly Taylor,2003
CH421303,1,Larceny,Yes,Chicago,739,Donald Olsen,2003
CH383453,3,Homicide,Yes,Chicago,443,Mildred Shuey,2000
CH260232,1,Larceny,Yes,Chicago,739,Donald Olsen,2004
CH334297,1,Larceny,No,Chicago,298,Barry Goetz,2002
CH801081,3,Homicide,No,Chicago,443,Mildred Shuey,2003
CH138719,3,Homicide,No,Chicago,646,John Ledue,2003
CH892080,3,Homicide,Yes,Chicago,739,Donald Olsen,2000
CH816469,3,Homicide,No,Chicago,646,John Ledue,2004
CH270456,3,Homicide,Yes,Chicago,646,John Ledue,2003
CH763742,3,Homicide,No,Chicago,443,Mildred Shuey,2002
CH151280,1,Larceny,No,Chicago,515,Beverly Taylor,2004
CH748061,2,Vandalism,No,Chicago,298,Barry Goetz,2000
CH137176,4,Drug abuse,No,Chicago,443,Mildred Shuey,2002
CH588649,2,Vandalism,Yes,Chicago,646,John Ledue,2002
CH225805,3,Homicide,No,Chicago,639,Joshua Compton,2001
CH727389,5,Assault,No,Chicago,515,Beverly Taylor,2004
CH130143,1,Larceny,No,Chicago,783,Peter Palmieri,2002
CH431024,5,Assault,Yes,Chicago,639,Joshua Compton,2000
CH666207,1,Larceny,Yes,Chicago,639,Joshua Compton,2000
CH423607,3,Homicide,No,Chicago,169,Georgia Jones,2001
CH552287,3,Homicide,Yes,Chicago,169,Georgia Jones,2000
CH561539,3,Homicide,No,Chicago,646,John Ledue,2004
CH834252,3,Homicide,Yes,Chicago,783,Peter Palmieri,2004
CH511228,1,Larceny,Yes,Chicago,515,Beverly Taylor,2004
CH115901,2,Vandalism,No,Chicago,639,Joshua Compton,2003
CH731247,5,Assault,Yes,Chicago,443,Mildred Shuey,2000
CH438360,3,Homicide,No,Chicago,298,Barry Goetz,2001
CH977522,3,Homicide,No,Chicago,739,Donald Olsen,2004
CH225805,1,Larceny,No,Chicago,646,John Ledue,2004
CH191791,3,Homicide,No,Chicago,443,Mildred Shuey,2000
CH914709,4,Drug abuse,No,Chicago,443,Mildred Shuey,2002
CH222647,5,Assault,No,Chicago,443,Mildred Shuey,2001
CH731247,1,Larceny,Yes,Chicago,639,Joshua Compton,2004
CH926742,3,Homicide,Yes,Chicago,783,Peter Palmieri,2000
CH421814,3,Homicide,No,Chicago,639,Joshua Compton,2003
CH616865,1,Larceny,Yes,Chicago,739,Donald Olsen,2002
CH796856,5,Assault,No,Chicago,639,Joshua Compton,2001
CH608242,3,Homicide,No,Chicago,646,John Ledue,2004
CH559120,3,Homicide,Yes,Chicago,783,Peter Palmieri,2000
CH486807,4,Drug abuse,Yes,Chicago,639,Joshua Compton,2004
CH811432,3,Homicide,Yes,Chicago,783,Peter Palmieri,2003
CH754881,1,Larceny,No,Chicago,515,Beverly Taylor,2001
CH861325,4,Drug abuse,Yes,Chicago,443,Mildred Shuey,2001
CH158652,5,Assault,Yes,Chicago,639,Joshua Compton,2000
CH268632,5,Assault,No,Chicago,515,Beverly Taylor,2002
CH491490,1,Larceny,Yes,Chicago,783,Peter Palmieri,2002
CH759633,4,Drug abuse,No,Chicago,739,Donald Olsen,2001
CH583218,3,Homicide,No,Chicago,739,Donald Olsen,2004
CH995321,3,Homicide,Yes,Chicago,739,Donald Olsen,2003
CH537888,2,Vandalism,Yes,Chicago,639,Joshua Compton,2001
CH354150,5,Assault,No,Chicago,739,Donald Olsen,2001
CH781011,3,Homicide,No,Chicago,169,Georgia Jones,2002
CH530513,1,Larceny,No,Chicago,639,Joshua Compton,2003
CH699975,2,Vandalism,No,Chicago,515,Beverly Taylor,2001
CH446496,3,Homicide,No,Chicago,515,Beverly Taylor,2001
CH893697,1,Larceny,Yes,Chicago,169,Georgia Jones,2004
CH803327,3,Homicide,No,Chicago,298,Barry Goetz,2001
CH263185,3,Homicide,Yes,Chicago,783,Peter Palmieri,2001
CH158652,3,Homicide,No,Chicago,515,Beverly Taylor,2000
CH736158,4,Drug abuse,Yes,Chicago,639,Joshua Compton,2000
CH201018,3,Homicide,Yes,Chicago,443,Mildred Shuey,2002
CH804017,5,Assault,No,Chicago,739,Donald Olsen,2000
CH906776,1,Larceny,Yes,Chicago,515,Beverly Taylor,2001
CH421188,3,Homicide,No,Chicago,515,Beverly Taylor,2003
CH430969,4,Drug abuse,Yes,Chicago,783,Peter Palmieri,2001
CH374416,5,Assault,No,Chicago,739,Donald Olsen,2001
CH365396,4,Drug abuse,Yes,Chicago,739,Donald Olsen,2000
CH652094,5,Assault,Yes,Chicago,639,Joshua Compton,2000
CH391003,1,Larceny,Yes,Chicago,515,Beverly Taylor,2002
CH238282,5,Assault,No,Chicago,739,Donald Olsen,2002
CH754683,3,Homicide,No,Chicago,646,John Ledue,2000
CH452643,1,Larceny,No,Chicago,639,Joshua Compton,2003
CH577726,3,Homicide,No,Chicago,783,Peter Palmieri,2002
CH885652,1,Larceny,Yes,Chicago,298,Barry Goetz,2001
CH501178,1,Larceny,No,Chicago,639,Joshua Compton,2001
CH498764,3,Homicide,No,Chicago,646,John Ledue,2001
CH741513,4,Drug abuse,Yes,Chicago,515,Beverly Taylor,2003
CH371981,1,Larceny,Yes,Chicago,515,Beverly Taylor,2001
CH581026,3,Homicide,No,Chicago,639,Joshua Compton,2003
CH318852,4,Drug abuse,Yes,Chicago,783,Peter Palmieri,2000
CH479519,5,Assault,No,Chicago,639,Joshua Compton,2004
CH874267,5,Assault,Yes,Chicago,646,John Ledue,2002
CH696479,3,Homicide,No,Chicago,739,Donald Olsen,2000
CH533961,3,Homicide,No,Chicago,298,Barry Goetz,2001
CH733087,4,Drug abuse,Yes,Chicago,783,Peter Palmieri,2003
CH395509,3,Homicide,Yes,Chicago,783,Peter Palmieri,2004
CH228888,2,Vandalism,No,Chicago,639,Joshua Compton,2003
CH800791,1,Larceny,Yes,Chicago,443,Mildred Shuey,2002
CH441936,3,Homicide,Yes,Chicago,646,John Ledue,2004
CH651192,4,Drug abuse,Yes,Chicago,783,Peter Palmieri,2000
CH615553,2,Vandalism,No,Chicago,739,Donald Olsen,2004
CH431995,3,Homicide,Yes,Chicago,515,Beverly Taylor,2004
CH431024,2,Vandalism,Yes,Chicago,783,Peter Palmieri,2000
CH811432,1,Larceny,No,Chicago,739,Donald Olsen,2004
CH202849,2,Vandalism,Yes,Chicago,639,Joshua Compton,2001
CH727137,3,Homicide,Yes,Chicago,515,Beverly Taylor,2001
CH159486,3,Homicide,No,Chicago,739,Donald Olsen,2002
CH710830,5,Assault,No,Chicago,298,Barry Goetz,2002
CH528854,3,Homicide,No,Chicago,783,Peter Palmieri,2002
CH396843,3,Homicide,No,Chicago,169,Georgia Jones,2001
CH149094,1,Larceny,No,Chicago,169,Georgia Jones,2002
CH962689,5,Assault,No,Chicago,515,Beverly Taylor,2001
CH754881,3,Homicide,Yes,Chicago,515,Beverly Taylor,2000
CH866033,1,Larceny,Yes,Chicago,515,Beverly Taylor,2001
CH399108,2,Vandalism,Yes,Chicago,639,Joshua Compton,2003
CH227854,3,Homicide,Yes,Chicago,169,Georgia Jones,2004
CH405951,3,Homicide,Yes,Chicago,739,Donald Olsen,2002
CH962705,1,Larceny,No,Chicago,443,Mildred Shuey,2002
CH391003,4,Drug abuse,No,Chicago,783,Peter Palmieri,2004
CH153444,3,Homicide,No,Chicago,298,Barry Goetz,2001
CH187479,3,Homicide,Yes,Chicago,298,Barry Goetz,2002
CH205148,3,Homicide,No,Chicago,639,Joshua Compton,2004
CH293810,3,Homicide,No,Chicago,646,John Ledue,2004
CH727137,3,Homicide,Yes,Chicago,443,Mildred Shuey,2004
CH547708,2,Vandalism,Yes,Chicago,515,Beverly Taylor,2001
CH780802,3,Homicide,Yes,Chicago,515,Beverly Taylor,2003
CH412853,1,Larceny,No,Chicago,515,Beverly Taylor,2003
CH736382,3,Homicide,No,Chicago,783,Peter Palmieri,2004
CH467226,3,Homicide,No,Chicago,783,Peter Palmieri,2001
CH803327,4,Drug abuse,Yes,Chicago,639,Joshua Compton,2002
CH507529,3,Homicide,No,Chicago,739,Donald Olsen,2003
CH684492,3,Homicide,No,Chicago,739,Donald Olsen,2004
CH636514,3,Homicide,Yes,Chicago,443,Mildred Shuey,2000
CH520659,1,Larceny,Yes,Chicago,646,John Ledue,2003
CH437081,3,Homicide,Yes,Chicago,646,John Ledue,2004
CH561539,3,Homicide,No,Chicago,639,Joshua Compton,2004
CH297224,2,Vandalism,Yes,Chicago,783,Peter Palmieri,2001
CH467696,1,Larceny,Yes,Chicago,515,Beverly Taylor,2004
CH313362,1,Larceny,No,Chicago,169,Georgia Jones,2004
CH510793,1,Larceny,Yes,Chicago,298,Barry Goetz,2001
CH621522,5,Assault,No,Chicago,298,Barry Goetz,2004
CH133392,3,Homicide,Yes,Chicago,169,Georgia Jones,2000
CH490876,4,Drug abuse,No,Chicago,739,Donald Olsen,2003
CH872621,1,Larceny,Yes,Chicago,739,Donald Olsen,2002
CH415282,2,Vandalism,Yes,Chicago,639,Joshua Compton,2001
CH978554,1,Larceny,Yes,Chicago,783,Peter Palmieri,2000
CH872838,3,Homicide,Yes,Chicago,443,Mildred Shuey,2003
CH743795,3,Homicide,No,Chicago,639,Joshua Compton,2000
CH465418,2,Vandalism,Yes,Chicago,169,Georgia Jones,2001
CH399758,4,Drug abuse,No,Chicago,739,Donald Olsen,2001
CH533961,4,Drug abuse,No,Chicago,515,Beverly Taylor,2004
CH465418,5,Assault,Yes,Chicago,739,Donald Olsen,2003
CH458440,5,Assault,No,Chicago,783,Peter Palmieri,2004
CH290333,1,Larceny,No,Chicago,443,Mildred Shuey,2003
CH159486,3,Homicide,No,Chicago,298,Barry Goetz,2002
CH856680,2,Vandalism,Yes,Chicago,298,Barry Goetz,2002
CH798472,3,Homicide,Yes,Chicago,298,Barry Goetz,2001
CH316958,2,Vandalism,Yes,Chicago,443,Mildred Shuey,2004
CH351959,5,Assault,Yes,Chicago,739,Donald Olsen,2004
CH754683,5,Assault,Yes,Chicago,169,Georgia Jones,2003
CH977522,1,Larceny,No,Chicago,169,Georgia Jones,2004
CH969030,1,Larceny,No,Chicago,639,Joshua Compton,2003
CH596436,5,Assault,Yes,Chicago,443,Mildred Shuey,2003
CH993598,1,Larceny,Yes,Chicago,298,Barry Goetz,2002
CH607800,3,Homicide,No,Chicago,639,Joshua Compton,2003
CH615553,3,Homicide,Yes,Chicago,443,Mildred Shuey,2002
CH459088,3,Homicide,No,Chicago,443,Mildred Shuey,2002
CH271774,4,Drug abuse,Yes,Chicago,646,John Ledue,2004
CH999582,4,Drug abuse,Yes,Chicago,783,Peter Palmieri,2000
CH193988,2,Vandalism,No,Chicago,169,Georgia Jones,2004
CH628838,5,Assault,No,Chicago,443,Mildred Shuey,2003
CH259806,1,Larceny,No,Chicago,443,Mildred Shuey,2002
CH874684,3,Homicide,Yes,Chicago,739,Donald Olsen,2004
CH823932,3,Homicide,Yes,Chicago,783,Peter Palmieri,2004
CH442026,3,Homicide,Yes,Chicago,639,Joshua Compton,2000
CH181555,3,Homicide,Yes,Chicago,646,John Ledue,2002
CH866710,1,Larceny,No,Chicago,783,Peter Palmieri,2003
CH182585,5,Assault,Yes,Chicago,639,Joshua Compton,2000
CH604930,4,Drug abuse,Yes,Chicago,515,Beverly Taylor,2001
CH991511,5,Assault,Yes,Chicago,639,Joshua Compton,2002
CH617694,3,Homicide,No,Chicago,515,Beverly Taylor,2003
CH378524,3,Homicide,Yes,Chicago,298,Barry Goetz,2004
CH482578,1,Larceny,No,Chicago,443,Mildred Shuey,2000
CH628906,3,Homicide,Yes,Chicago,298,Barry Goetz,2000
CH403021,1,Larceny,No,Chicago,169,Georgia Jones,2004
CH430969,2,Vandalism,Yes,Chicago,783,Peter Palmieri,2003
CH537290,3,Homicide,No,Chicago,443,Mildred Shuey,2000
CH455982,1,Larceny,No,Chicago,646,John Ledue,2000
CH115337,4,Drug abuse,No,Chicago,646,John Ledue,2000
CH301883,3,Homicide,Yes,Chicago,783,Peter Palmieri,2001
CH825581,5,Assault,No,Chicago,639,Joshua Compton,2000
CH799282,2,Vandalism,Yes,Chicago,515,Beverly Taylor,2004
CH252267,2,Vandalism,No,Chicago,515,Beverly Taylor,2002
CH843319,3,Homicide,No,Chicago,443,Mildred Shuey,2004
CH251886,5,Assault,No,Chicago,783,Peter Palmieri,2002
CH880632,1,Larceny,No,Chicago,783,Peter Palmieri,2002
CH458533,2,Vandalism,Yes,Chicago,443,Mildred Shuey,2001
CH662888,2,Vandalism,No,Chicago,443,Mildred Shuey,2002
CH427101,2,Vandalism,No,Chicago,783,Peter Palmieri,2004
CH839983,3,Homicide,Yes,Chicago,646,John Ledue,2002
CH688668,4,Drug abuse,Yes,Chicago,443,Mildred Shuey,2004
CH755010,5,Assault,Yes,Chicago,298,Barry Goetz,2003
CH616865,1,Larceny,No,Chicago,298,Barry Goetz,2001
CH145825,3,Homicide,No,Chicago,443,Mildred Shuey,2000
CH421814,3,Homicide,Yes,Chicago,443,Mildred Shuey,2004
CH501178,3,Homicide,Yes,Chicago,298,Barry Goetz,2001
CH410581,1,Larceny,No,Chicago,443,Mildred Shuey,2001
CH866710,3,Homicide,Yes,Chicago,515,Beverly Taylor,2002
CH196243,2,Vandalism,No,Chicago,169,Georgia Jones,2003
CH790628,5,Assault,No,Chicago,639,Joshua Compton,2004
CH187772,5,Assault,Yes,Chicago,169,Georgia Jones,2000
CH567413,5,Assault,Yes,Chicago,639,Joshua Compton,2003
CH527894,1,Larceny,Yes,Chicago,515,Beverly Taylor,2003
CH785029,5,Assault,No,Chicago,298,Barry Goetz,2001
CH552292,3,Homicide,Yes,Chicago,783,Peter Palmieri,2002
CH836036,3,Homicide,No,Chicago,639,Joshua Compton,2003
CH267137,3,Homicide,Yes,Chicago,515,Beverly Taylor,2002
CH872621,5,Assault,No,Chicago,783,Peter Palmieri,2000
CH957204,3,Homicide,Yes,Chicago,639,Joshua Compton,2002
CH985430,4,Drug abuse,No,Chicago,298,Barry Goetz,2003
CH984436,5,Assault,No,Chicago,783,Peter Palmieri,2003
CH907735,2,Vandalism,No,Chicago,639,Joshua Compton,2003
CH292085,1,Larceny,No,Chicago,646,John Ledue,2004
CH936589,3,Homicide,No,Chicago,298,Barry Goetz,2004
CH666505,5,Assault,Yes,Chicago,646,John Ledue,2001
CH304567,3,Homicide,Yes,Chicago,783,Peter Palmieri,2004
CH556510,1,Larceny,No,Chicago,169,Georgia Jones,2002
CH980761,5,Assault,Yes,Chicago,739,Donald Olsen,2002
CH458440,1,Larceny,No,Chicago,739,Donald Olsen,2001
CH765843,2,Vandalism,No,Chicago,646,John Ledue,2004
CH560121,1,Larceny,Yes,Chicago,639,Joshua Compton,2002
CH582974,1,Larceny,No,Chicago,739,Donald Olsen,2004
CH559120,2,Vandalism,Yes,Chicago,169,Georgia Jones,2002
CH942826,5,Assault,No,Chicago,783,Peter Palmieri,2002
CH741513,5,Assault,Yes,Chicago,169,Georgia Jones,2004
CH740359,5,Assault,Yes,Chicago,298,Barry Goetz,2003
CH514215,3,Homicide,Yes,Chicago,298,Barry Goetz,2000
CH238282,5,Assault,No,Chicago,443,Mildred Shuey,2003
CH421303,3,Homicide,No,Chicago,298,Barry Goetz,2002
CH174374,1,Larceny,Yes,Chicago,739,Donald Olsen,2004
CH573611,3,Homicide,Yes,Chicago,443,Mildred Shuey,2000
CH655342,5,Assault,Yes,Chicago,515,Beverly Taylor,2002
CH230960,2,Vandalism,Yes,Chicago,783,Peter Palmieri,2004
CH467666,2,Vandalism,Yes,Chicago,443,Mildred Shuey,2000
CH759633,5,Assault,No,Chicago,739,Donald Olsen,2004
CH524690,3,Homicide,Yes,Chicago,639,Joshua Compton,2000
CH743270,4,Drug abuse,No,Chicago,298,Barry Goetz,2001
CH965558,1,Larceny,Yes,Chicago,646,John Ledue,2004
CH365746,4,Drug abuse,Yes,Chicago,298,Barry Goetz,2004
CH957204,3,Homicide,No,Chicago,443,Mildred Shuey,2001
CH399108,4,Drug abuse,No,Chicago,298,Barry Goetz,2001
CH894189,3,Homicide,No,Chicago,739,Donald Olsen,2001
CH596436,1,Larceny,No,Chicago,443,Mildred Shuey,2002
CH929498,3,Homicide,No,Chicago,646,John Ledue,2004
CH339357,3,Homicide,No,Chicago,739,Donald Olsen,2001
CH908619,3,Homicide,Yes,Chicago,515,Beverly Taylor,2003
CH643709,1,Larceny,No,Chicago,739,Donald Olsen,2004
CH162154,5,Assault,Yes,Chicago,783,Peter Palmieri,2001
CH323519,1,Larceny,Yes,Chicago,646,John Ledue,2004
CH822723,2,Vandalism,No,Chicago,443,Mildred Shuey,2004
CH891380,3,Homicide,Yes,Chicago,443,Mildred Shuey,2001
CH356533,3,Homicide,Yes,Chicago,515,Beverly Taylor,2004
CH874684,1,Larceny,Yes,Chicago,443,Mildred Shuey,2003
CH110605,2,Vandalism,Yes,Chicago,739,Donald Olsen,2003
CH229774,5,Assault,Yes,Chicago,646,John Ledue,2000
CH969011,4,Drug abuse,Yes,Chicago,298,Barry Goetz,2001
CH296147,2,Vandalism,Yes,Chicago,515,Beverly Taylor,2003
CH230960,1,Larceny,No,Chicago,639,Joshua Compton,2002
CH527894,3,Homicide,No,Chicago,646,John Ledue,2000
CH898041,3,Homicide,Yes,Chicago,739,Donald Olsen,2002
CH970689,3,Homicide,Yes,Chicago,169,Georgia Jones,2001
CH537290,3,Homicide,No,Chicago,783,Peter Palmieri,2001
CH866710,4,Drug abuse,Yes,Chicago,169,Georgia Jones,2002
CH452643,4,Drug abuse,Yes,Chicago,783,Peter Palmieri,2000
CH475862,2,Vandalism,No,Chicago,783,Peter Palmieri,2002
CH637252,1,Larceny,Yes,Chicago,443,Mildred Shuey,2002
CH405951,2,Vandalism,No,Chicago,298,Barry Goetz,2003
CH955699,1,Larceny,Yes,Chicago,443,Mildred Shuey,2000
CH100098,1,Larceny,No,Chicago,646,John Ledue,2004
CH332953,4,Drug abuse,No,Chicago,783,Peter Palmieri,2001
CH125962,1,Larceny,No,Chicago,169,Georgia Jones,2004
CH836934,2,Vandalism,No,Chicago,298,Barry Goetz,2002
CH881789,5,Assault,Yes,Chicago,298,Barry Goetz,2004
CH420153,5,Assault,No,Chicago,515,Beverly Taylor,2000
CH303588,3,Homicide,Yes,Chicago,639,Joshua Compton,2004
CH528803,3,Homicide,No,Chicago,639,Joshua Compton,2002
CH159406,1,Larceny,Yes,Chicago,646,John Ledue,2001
CH701605,4,Drug abuse,No,Chicago,739,Donald Olsen,2003
CH849470,5,Assault,Yes,Chicago,646,John Ledue,2002
CH956532,2,Vandalism,Yes,Chicago,443,Mildred Shuey,2002
CH203433,1,Larceny,No,Chicago,443,Mildred Shuey,2001
CH178595,3,Homicide,Yes,Chicago,298,Barry Goetz,2000
CH530513,3,Homicide,Yes,Chicago,739,Donald Olsen,2001
CH882037,3,Homicide,Yes,Chicago,783,Peter Palmieri,2000
CH566454,3,Homicide,No,Chicago,443,Mildred Shuey,2000
CH560829,3,Homicide,Yes,Chicago,169,Georgia Jones,2002
CH743795,3,Homicide,Yes,Chicago,443,Mildred Shuey,2000
CH741513,3,Homicide,No,Chicago,515,Beverly Taylor,2004
CH491490,3,Homicide,Yes,Chicago,169,Georgia Jones,2002
CH625780,2,Vandalism,No,Chicago,783,Peter Palmieri,2002
CH803327,5,Assault,Yes,Chicago,515,Beverly Taylor,2003
CH795250,1,Larceny,No,Chicago,646,John Ledue,2001
CH417183,1,Larceny,Yes,Chicago,169,Georgia Jones,2000
CH604850,5,Assault,No,Chicago,646,John Ledue,2001
CH318852,5,Assault,Yes,Chicago,739,Donald Olsen,2000
CH180215,5,Assault,No,Chicago,298,Barry Goetz,2000
CH110605,5,Assault,Yes,Chicago,646,John Ledue,2004
CH205148,3,Homicide,Yes,Chicago,783,Peter Palmieri,2004
CH797302,3,Homicide,No,Chicago,515,Beverly Taylor,2004
CH647682,4,Drug abuse,No,Chicago,739,Donald Olsen,2002
CH590709,2,Vandalism,Yes,Chicago,169,Georgia Jones,2000
CH347237,3,Homicide,No,Chicago,739,Donald Olsen,2001
CH207980,5,Assault,No,Chicago,639,Joshua Compton,2002
CH631835,5,Assault,No,Chicago,169,Georgia Jones,2003
CH204511,5,Assault,Yes,Chicago,739,Donald Olsen,2002
CH754881,2,Vandalism,Yes,Chicago,783,Peter Palmieri,2001
CH191791,3,Homicide,Yes,Chicago,298,Barry Goetz,2002
CH555051,5,Assault,Yes,Chicago,639,Joshua Compton,2000
CH736158,5,Assault,No,Chicago,739,Donald Olsen,2002
CH501178,2,Vandalism,Yes,Chicago,443,Mildred Shuey,2001
CH681437,5,Assault,Yes,Chicago,443,Mildred Shuey,2002
CH187153,3,Homicide,Yes,Chicago,169,Georgia Jones,2003
CH137607,3,Homicide,Yes,Chicago,298,Barry Goetz,2000
CH153444,1,Larceny,Yes,Chicago,783,Peter Palmieri,2002
CH655195,3,Homicide,Yes,Chicago,646,John Ledue,2003
CH349662,2,Vandalism,No,Chicago,783,Peter Palmieri,2002
CH459490,4,Drug abuse,No,Chicago,639,Joshua Compton,2002
CH931267,3,Homicide,Yes,Chicago,515,Beverly Taylor,2001
CH558088,1,Larceny,Yes,Chicago,515,Beverly Taylor,2004
CH558088,4,Drug abuse,No,Chicago,639,Joshua Compton,2001
